<?xml version="1.0" encoding="UTF-8"?>
<beans xmlns="http://www.springframework.org/schema/beans"
	xmlns:xsi="http://www.w3.org/2001/XMLSchema-instance" xmlns:context="http://www.springframework.org/schema/context"
	xmlns:util="http://www.springframework.org/schema/util" xmlns:jdbc="http://www.springframework.org/schema/jdbc"
	xmlns:mongo="http://www.springframework.org/schema/data/mongo"
	xmlns:hz="http://www.hazelcast.com/schema/spring" xmlns:tx="http://www.springframework.org/schema/tx"
	xsi:schemaLocation="http://www.springframework.org/schema/beans http://www.springframework.org/schema/beans/spring-beans-3.1.xsd
http://www.springframework.org/schema/context http://www.springframework.org/schema/context/spring-context-3.1.xsd
http://www.springframework.org/schema/jdbc http://www.springframework.org/schema/jdbc/spring-jdbc-3.0.xsd
http://www.springframework.org/schema/data/mongo http://www.springframework.org/schema/data/mongo/spring-mongo-1.5.xsd
http://www.springframework.org/schema/util http://www.springframework.org/schema/util/spring-util-3.1.xsd
http://www.hazelcast.com/schema/spring https://hazelcast.com/schema/spring/hazelcast-spring-3.7.xsd
http://www.springframework.org/schema/tx http://www.springframework.org/schema/tx/spring-tx-4.0.xsd">
	
	<context:component-scan base-package="org.bellatrix" />

	<tx:annotation-driven proxy-target-class="true"
		transaction-manager="transactionManager" />

	<bean id="transactionManager"
		class="org.springframework.jdbc.datasource.DataSourceTransactionManager">
		<property name="dataSource" ref="dataSource" />
	</bean>

	<bean id="hikariConfig" class="com.zaxxer.hikari.HikariConfig">
		<property name="poolName" value="springHikariCP" />
		<property name="connectionTestQuery" value="SELECT 1" />
		<property name="driverClassName" value="com.mysql.jdbc.Driver" />
		<property name="jdbcUrl"
			value="${app.db.url}" />
		<property name="dataSourceProperties">
			<props>
				<prop key="user">${app.db.username}</prop>
				<prop key="password">${app.db.password}</prop>
			</props>
		</property>
	</bean>

	<bean id="dataSource" class="com.zaxxer.hikari.HikariDataSource">
		<constructor-arg ref="hikariConfig" />
	</bean>

</beans>