<?xml version="1.0" encoding="UTF-8"?>
<beans xmlns="http://www.springframework.org/schema/beans"
	xmlns:cxf="http://cxf.apache.org/core" xmlns:xsi="http://www.w3.org/2001/XMLSchema-instance"
	xsi:schemaLocation="http://cxf.apache.org/core http://cxf.apache.org/schemas/core.xsd 
http://www.springframework.org/schema/beans http://www.springframework.org/schema/beans/spring-beans-2.0.xsd">
	<bean class="org.apache.cxf.interceptor.LoggingInInterceptor" id="logInbound" />
	<bean class="org.apache.cxf.interceptor.LoggingOutInterceptor" id="logOutbound" />
	<cxf:bus>
		<cxf:features>
			<cxf:logging />
		</cxf:features>
		<cxf:inInterceptors>
			<ref bean="logInbound" />
		</cxf:inInterceptors>
		<cxf:outInterceptors>
			<ref bean="logOutbound" />
		</cxf:outInterceptors>
		<cxf:outFaultInterceptors>
			<ref bean="logOutbound" />
		</cxf:outFaultInterceptors>
		<cxf:inFaultInterceptors>
			<ref bean="logInbound" />
		</cxf:inFaultInterceptors>
	</cxf:bus>
</beans>
