<?xml version="1.0" encoding="utf-8"?>
<Configuration>
	<Appenders>
		<RollingFile name="file"
			fileName="${sys:mule.home}${sys:file.separator}logs${sys:file.separator}bellatrix.log"
			filePattern="${sys:mule.home}${sys:file.separator}logs${sys:file.separator}bellatrix-%i.log">
			<PatternLayout pattern="%d [%t] %-5p %c - %m%n" />
			<SizeBasedTriggeringPolicy size="10 MB" />
			<DefaultRolloverStrategy max="10" />
		</RollingFile>

		<RollingFile name="accessFile"
			fileName="${sys:mule.home}${sys:file.separator}logs${sys:file.separator}access.log"
			filePattern="${sys:mule.home}${sys:file.separator}logs${sys:file.separator}access-%i.log">
			<PatternLayout pattern="%d [%t] %-5p %c - %m%n" />
			<SizeBasedTriggeringPolicy size="10 MB" />
			<DefaultRolloverStrategy max="10" />
		</RollingFile>
	</Appenders>

	<Loggers>
		<!-- CXF is used heavily by Mule for web services -->
		<AsyncLogger name="org.apache.cxf" level="WARN" />

		<!-- Apache Commons tend to make a lot of noise which can clutter the log -->
		<AsyncLogger name="org.apache" level="WARN" />

		<!-- Reduce startup noise -->
		<AsyncLogger name="org.springframework.beans.factory"
			level="WARN" />

		<!-- Mule classes -->
		<AsyncLogger name="org.mule" level="INFO" />
		<AsyncLogger name="com.mulesoft" level="INFO" />

		<!-- Reduce DM verbosity -->
		<AsyncLogger name="org.jetel" level="WARN" />
		<AsyncLogger name="Tracking" level="WARN" />

		<!-- Access Log -->
		<AsyncLogger name="access.log" level="INFO" additivity="false">
			<AppenderRef ref="accessFile" level="INFO" />
		</AsyncLogger>

		<AsyncRoot level="INFO">
			<AppenderRef ref="file" />
		</AsyncRoot>
	</Loggers>
</Configuration>