<?xml version="1.0" encoding="UTF-8"?>
<beans xmlns="http://www.springframework.org/schema/beans"
	xmlns:xsi="http://www.w3.org/2001/XMLSchema-instance" xmlns:context="http://www.springframework.org/schema/context"
	xmlns:util="http://www.springframework.org/schema/util" xmlns:mongo="http://www.springframework.org/schema/data/mongo"
	xmlns:hz="http://www.hazelcast.com/schema/spring"
	xsi:schemaLocation="http://www.springframework.org/schema/beans http://www.springframework.org/schema/beans/spring-beans-2.5.xsd
http://www.springframework.org/schema/context http://www.springframework.org/schema/context/spring-context-3.0.xsd
http://www.springframework.org/schema/data/mongo classpath:mongo.xsd
http://www.springframework.org/schema/util http://www.springframework.org/schema/util/spring-util-3.0.xsd">

	<mongo:mongo-client host="${mongodb.db.url}" port="${mongodb.db.port}" id="Mongo" />
	<mongo:db-factory dbname="persistenceDev" mongo-ref="Mongo"
		id="MongoDbFactory" />

	<bean id="MongoTemplate" class="org.springframework.data.mongodb.core.MongoTemplate">
		<constructor-arg ref="MongoDbFactory" />
		<property name="writeConcern">
			<util:constant static-field="com.mongodb.WriteConcern.SAFE"></util:constant>
		</property>
	</bean>

</beans>